timestamp(ms),var,
"1718468352.144","1930",
"1718468352.145","3344",
"1718468352.146","3053",
"1718468352.147","2811",
"1718468352.148","3186",
"1718468352.149","1520",
"1718468352.15","605",
"1718468352.151","978",
"1718468352.152","976",
"1718468352.153","700",
"1718468352.154","2253",
"1718468352.155","1591",
"1718468352.156","3279",
"1718468352.157","2841",
"1718468352.158","3046",
"1718468352.176","3280",
"1718468352.177","981",
"1718468352.178","2827",
"1718468352.179","2256",
"1718468352.183","3296",
"1718468352.191","1941",
"1718468352.193","2796",
"1718468352.194","3184",
"1718468352.195","1508",
"1718468352.196","2192",
"1718468352.197","626",
"1718468352.198","982",
"1718468352.199","1043",
"1718468352.2","682",
"1718468352.201","2258",
"1718468352.202","1535",
"1718468352.203","2859",
"1718468352.204","2997",
"1718468352.205","3345",
"1718468352.206","1840",
"1718468352.207","2517",
"1718468352.208","789",
"1718468352.209","1204",
"1718468352.21","773",
"1718468352.212","1891",
"1718468352.213","1291",
"1718468352.214","3089",
"1718468352.215","2595",
"1718468352.216","3237",
"1718468352.217","3307",
"1718468352.218","2779",
"1718468352.219","942",
"1718468352.22","1544",
"1718468352.221","698",
"1718468352.222","645",
"1718468352.223","1623",
"1718468352.224","965",
"1718468352.225","2847",
"1718468352.226","2239",
"1718468352.227","3275",
"1718468352.228","3274",
"1718468352.229","2502",
"1718468352.23","3018",
"1718468352.231","1808",
"1718468352.232","589",
"1718468352.233","799",
"1718468352.234","1247",
"1718468352.235","847",
"1718468352.236","2602",
"1718468352.237","1935",
"1718468352.238","3337",
"1718468352.239","3053",
"1718468352.24","2740",
"1718468352.241","3222",
"1718468352.242","1520",
"1718468352.243","2201",
"1718468352.244","934",
"1718468352.245","1019",
"1718468352.246","659",
"1718468352.247","2245",
"1718468352.248","1638",
"1718468352.249","3293",
"1718468352.25","2863",
"1718468352.251","1834",
"1718468352.252","2509",
"1718468352.253","748",
"1718468352.254","1255",
"1718468352.255","823",
"1718468352.256","594",
"1718468352.257","1287",
"1718468352.258","3059",
"1718468352.259","2591",
"1718468352.26","3234",
"1718468352.261","3305",
"1718468352.262","2196",
"1718468352.263","2744",
"1718468352.264","930",
"1718468352.265","1518",
"1718468352.266","707",
"1718468352.267","648",
"1718468352.268","1591",
"1718468352.269","976",
"1718468352.27","2283",
"1718468352.271","3301",
"1718468352.272","3263",
"1718468352.273","2530",
"1718468352.274","3003",
"1718468352.275","1194",
"1718468352.276","1856",
"1718468352.277","626",
"1718468352.278","784",
"1718468352.279","1311",
"1718468352.28","759",
"1718468352.281","2597",
"1718468352.282","1895",
"1718468352.283","3291",
"1718468352.284","3097",
"1718468352.285","2827",
"1718468352.286","1524",
"1718468352.287","2129",
"1718468352.288","625",
"1718468352.289","976",
"1718468352.29","1014",
"1718468352.291","665",
"1718468352.292","2263",
"1718468352.293","1554",
"1718468352.294","3200",
"1718468352.295","2855",
"1718468352.296","3038",
"1718468352.297","3344",
"1718468352.298","1858",
"1718468352.299","734",
"1718468352.3","1228",
"1718468352.301","797",
"1718468352.302","645",
"1718468352.303","1946",
"1718468352.304","1257",
"1718468352.305","3044",
"1718468352.306","2575",
"1718468352.307","3190",
"1718468352.308","3349",
"1718468352.309","2202",
"1718468352.31","2753",
"1718468352.311","944",
"1718468352.312","656",
"1718468352.313","685",
"1718468352.314","1619",
"1718468352.315","975",
"1718468352.316","2819",
"1718468352.317","2256",
"1718468352.318","3307",
"1718468352.319","3280",
"1718468352.32","2512",
"1718468352.321","3026",
"1718468352.322","1174",
"1718468352.323","1840",
"1718468352.324","635",
"1718468352.325","804",
"1718468352.326","763",
"1718468352.327","2533",
"1718468352.328","1935",
"1718468352.329","3327",
"1718468352.33","3095",
"1718468352.331","2816",
"1718468352.332","3203",
"1718468352.333","1472",
"1718468352.334","2189",
"1718468352.335","671",
"1718468352.336","972",
"1718468352.337","1007",
"1718468352.338","638",
"1718468352.339","1627",
"1718468352.34","3247",
"1718468352.341","2877",
"1718468352.347","3265",
"1718468352.348","805",
"1718468352.349","574",
"1718468352.35","1883",
"1718468352.351","1293",
"1718468352.352","3101",
"1718468352.353","2577",
"1718468352.354","3216",
"1718468352.355","2160",
"1718468352.356","2812",
"1718468352.357","977",
"1718468352.358","1478",
"1718468352.359","683",
"1718468352.36","629",
"1718468352.361","1565",
"1718468352.362","1047",
"1718468352.363","2870",
"1718468352.364","2257",
"1718468352.365","3297",
"1718468352.366","3246",
"1718468352.367","2480",
"1718468352.368","3046",
"1718468352.369","1246",
"1718468352.37","598",
"1718468352.371","762",
"1718468352.372","1261",
"1718468352.373","823",
"1718468352.374","2555",
"1718468352.375","1892",
"1718468352.376","3285",
"1718468352.377","3067",
"1718468352.378","2800",
"1718468352.379","3216",
"1718468352.38","1552",
"1718468352.381","2158",
"1718468352.382","971",
"1718468352.389","1039",
"1718468352.395","3049",
"1718468352.396","1893",
"1718468352.397","1282",
"1718468352.398","3056",
"1718468352.399","2594",
"1718468352.4","3248",
"1718468352.401","3311",
"1718468352.402","2144",
"1718468352.403","2789",
"1718468352.404","977",
"1718468352.405","1540",
"1718468352.406","671",
"1718468352.407","624",
"1718468352.408","1567",
"1718468352.409","1045",
"1718468352.41","2891",
"1718468352.411","3293",
"1718468352.412","3231",
"1718468352.413","2500",
"1718468352.414","3056",
"1718468352.415","1232",
"1718468352.416","1813",
"1718468352.417","595",
"1718468352.418","775",
"1718468352.419","1297",
"1718468352.42","795",
"1718468352.421","2575",
"1718468352.422","1895",
"1718468352.423","3297",
"1718468352.424","3109",
"1718468352.425","2801",
"1718468352.426","1483",
"1718468352.427","2186",
"1718468352.428","659",
"1718468352.429","963",
"1718468352.43","1039",
"1718468352.431","647",
"1718468352.432","2230",
"1718468352.433","1616",
"1718468352.434","3266",
"1718468352.435","2832",
"1718468352.436","3025",
"1718468352.437","3288",
"1718468352.438","1840",
"1718468352.439","811",
"1718468352.44","1200",
"1718468352.441","781",
"1718468352.442","603",
"1718468352.443","1931",
"1718468352.444","1301",
"1718468352.445","3102",
"1718468352.446","2519",
"1718468352.447","3168",
"1718468352.448","3340",
"1718468352.449","2192",
"1718468352.45","2797",
"1718468352.451","938",
"1718468352.452","1482",
"1718468352.453","701",
"1718468352.454","1619",
"1718468352.455","981",
"1718468352.456","2831",
"1718468352.457","2271",
"1718468352.458","3312",
"1718468352.459","3264",
"1718468352.46","2512",
"1718468352.461","2994",
"1718468352.462","1200",
"1718468352.463","1846",
"1718468352.464","654",
"1718468352.465","759",
"1718468352.466","790",
"1718468352.467","2553",
"1718468352.468","1937",
"1718468352.469","3355",
"1718468352.47","3050",
"1718468352.471","2768",
"1718468352.472","3213",
"1718468352.473","1552",
"1718468352.474","2194",
"1718468352.475","642",
"1718468352.476","927",
"1718468352.477","976",
"1718468352.478","2275",
"1718468352.479","1601",
"1718468352.48","3236",
"1718468352.481","2829",
"1718468352.482","3042",
"1718468352.483","3347",
"1718468352.484","1845",
"1718468352.485","2473",
"1718468352.486","740",
"1718468352.487","1250",
"1718468352.488","1895",
"1718468352.489","1255",
"1718468352.49","3091",
"1718468352.491","2591",
"1718468352.492","3224",
"1718468352.493","3312",
"1718468352.494","2170",
"1718468352.495","986",
"1718468352.496","1512",
"1718468352.497","649",
"1718468352.498","640",
"1718468352.499","1613",
"1718468352.5","1043",
"1718468352.501","2853",
"1718468352.502","2224",
"1718468352.503","3257",
"1718468352.504","3283",
"1718468352.505","2513",
"1718468352.506","3033",
"1718468352.507","1222",
"1718468352.508","1816",
"1718468352.509","791",
"1718468352.51","1301",
"1718468352.511","790",
"1718468352.512","2533",
"1718468352.513","1935",
"1718468352.514","3329",
"1718468352.515","3088",
"1718468352.516","2816",
"1718468352.517","3186",
"1718468352.518","1482",
"1718468352.519","2195",
"1718468352.52","682",
"1718468352.521","933",
"1718468352.522","681",
"1718468352.523","2261",
"1718468352.524","1616",
"1718468352.525","3275",
"1718468352.527","2829",
"1718468352.528","3309",
"1718468352.529","1881",
"1718468352.53","2504",
"1718468352.531","739",
"1718468352.532","1199",
"1718468352.533","807",
"1718468352.534","656",
"1718468352.535","1247",
"1718468352.536","3055",
"1718468352.537","2575",
"1718468352.538","3232",
"1718468352.539","3360",
"1718468352.54","2190",
"1718468352.541","2765",
"1718468352.542","940",
"1718468352.543","1552",
"1718468352.544","699",
"1718468352.545","638",
"1718468352.546","1604",
"1718468352.547","999",
"1718468352.548","2839",
"1718468352.549","3349",
"1718468352.55","3217",
"1718468352.551","2474",
"1718468352.552","3051",
"1718468352.553","1234",
"1718468352.554","1859",
"1718468352.555","635",
"1718468352.556","743",
"1718468352.557","1257",
"1718468352.558","851",
"1718468352.559","2614",
"1718468352.56","1899",
"1718468352.561","3286",
"1718468352.562","3099",
"1718468352.563","2816",
"1718468352.564","1524",
"1718468352.565","2140",
"1718468352.566","649",
"1718468352.567","992",
"1718468352.568","1047",
"1718468352.569","650",
"1718468352.57","2219",
"1718468352.571","1601",
"1718468352.572","3269",
"1718468352.573","2855",
"1718468352.574","3040",
"1718468352.575","3273",
"1718468352.576","1809",
"1718468352.577","2533",
"1718468352.578","1226",
"1718468352.579","789",
"1718468352.58","597",
"1718468352.581","1911",
"1718468352.582","1323",
"1718468352.583","3130",
"1718468352.584","2555",
"1718468352.585","3206",
"1718468352.586","3323",
"1718468352.587","2186",
"1718468352.588","2832",
"1718468352.589","986",
"1718468352.59","1490",
"1718468352.591","674",
"1718468352.592","1607",
"1718468352.593","1005",
"1718468352.594","2871",
"1718468352.595","2230",
"1718468352.596","3288",
"1718468352.597","3248",
"1718468352.598","2518",
"1718468352.599","3026",
"1718468352.6","1200",
"1718468352.601","1838",
"1718468352.602","608",
"1718468352.603","788",
"1718468352.604","794",
"1718468352.605","2559",
"1718468352.606","1895",
"1718468352.607","3341",
"1718468352.608","3107",
"1718468352.609","2820",
"1718468352.61","3194",
"1718468352.611","1485",
"1718468352.612","2205",
"1718468352.613","682",
"1718468352.614","960",
"1718468352.615","1015",
"1718468352.616","653",
"1718468352.617","2222",
"1718468352.618","1614",
"1718468352.619","3268",
"1718468352.62","3010",
"1718468352.621","3281",
"1718468352.622","1816",
"1718468352.623","2540",
"1718468352.624","816",
"1718468352.625","1213",
"1718468352.626","783",
"1718468352.627","611",
"1718468352.628","1933",
"1718468352.629","1302",
"1718468352.63","3111",
"1718468352.631","2534",
"1718468352.632","3196",
"1718468352.633","3331",
"1718468352.634","2163",
"1718468352.635","973",
"1718468352.636","1476",
"1718468352.637","647",
"1718468352.638","669",
"1718468352.639","1611",
"1718468352.64","1007",
"1718468352.641","2859",
"1718468352.642","2227",
"1718468352.643","3289",
"1718468352.644","3275",
"1718468352.645","2518",
"1718468352.646","3058",
"1718468352.647","1196",
"1718468352.648","625",
"1718468352.649","787",
"1718468352.65","1303",
"1718468352.651","799",
"1718468352.652","2551",
"1718468352.653","1891",
"1718468352.654","3297",
"1718468352.655","3121",
"1718468352.656","2807",
"1718468352.657","3185",
"1718468352.658","1482",
"1718468352.659","2164",
"1718468352.66","659",
"1718468352.661","976",
"1718468352.662","638",
"1718468352.663","2234",
"1718468352.664","1591",
"1718468352.665","3259",
"1718468352.666","2879",
"1718468352.667","3060",
"1718468352.668","3290",
"1718468352.669","1814",
"1718468352.67","2515",
"1718468352.671","784",
"1718468352.672","1222",
"1718468352.673","827",
"1718468352.674","581",
"1718468352.675","1899",
"1718468352.676","3070",
"1718468352.695","720",
"1718468352.696","641",
"1718468352.697","1267",
"1718468352.698","783",
"1718468352.699","2534",
"1718468352.7","1955",
"1718468352.701","3343",
"1718468352.702","3109",
"1718468352.703","2804",
"1718468352.704","3168",
"1718468352.705","1466",
"1718468352.706","652",
"1718468352.707","965",
"1718468352.708","1033",
"1718468352.709","646",
"1718468352.71","2229",
"1718468352.711","1591",
"1718468352.712","3217",
"1718468352.713","2881",
"1718468352.714","3040",
"1718468352.715","3361",
"1718468352.716","1850",
"1718468352.717","2464",
"1718468352.718","723",
"1718468352.719","821",
"1718468352.72","647",
"1718468352.721","1939",
"1718468352.722","1251",
"1718468352.723","3080",
"1718468352.724","2534",
"1718468352.725","2192",
"1718468352.726","2792",
"1718468352.727","956",
"1718468352.728","1489",
"1718468352.729","642",
"1718468352.73","671",
"1718468352.731","1583",
"1718468352.732","2879",
"1718468352.733","2241",
"1718468352.734","3311",
"1718468352.735","3213",
"1718468352.736","2486",
"1718468352.737","3069",
"1718468352.738","1243",
"1718468352.739","1841",
"1718468352.74","653",
"1718468352.741","737",
"1718468352.742","1239",
"1718468352.743","779",
"1718468352.744","2559",
"1718468352.745","1957",
"1718468352.746","3364",
"1718468352.747","2770",
"1718468352.748","3184",
"1718468352.749","1474",
"1718468352.75","2182",
"1718468352.751","655",
"1718468352.752","994",
"1718468352.753","1040",
"1718468352.754","658",
"1718468352.755","2257",
"1718468352.756","1579",
"1718468352.757","3209",
"1718468352.758","2879",
"1718468352.759","3011",
"1718468352.76","3349",
"1718468352.761","1872",
"1718468352.762","769",
"1718468352.763","1184",
"1718468352.764","773",
"1718468352.765","635",
"1718468352.766","1891",
"1718468352.767","1301",
"1718468352.768","3083",
"1718468352.769","2551",
"1718468352.77","3250",
"1718468352.771","3294",
"1718468352.772","2164",
"1718468352.773","2770",
"1718468352.774","944",
"1718468352.775","695",
"1718468352.776","645",
"1718468352.777","1607",
"1718468352.778","958",
"1718468352.779","2854",
"1718468352.78","2219",
"1718468352.781","3271",
"1718468352.782","3251",
"1718468352.783","2519",
"1718468352.784","3054",
"1718468352.785","1232",
"1718468352.786","1808",
"1718468352.787","731",
"1718468352.788","1260",
"1718468352.789","833",
"1718468352.79","2539",
"1718468352.791","1939",
"1718468352.792","3361",
"1718468352.793","3071",
"1718468352.794","2832",
"1718468352.795","3200",
"1718468352.796","1501",
"1718468352.797","2165",
"1718468352.798","607",
"1718468352.799","961",
"1718468352.8","707",
"1718468352.801","2299",
"1718468352.804","2825",
"1718468352.813","2997",
"1718468352.814","3049",
"1718468352.815","2577",
"1718468352.816","3183",
"1718468352.817","3351",
"1718468352.818","2144",
"1718468352.819","2816",
"1718468352.82","987",
"1718468352.822","1534",
"1718468352.823","695",
"1718468352.824","1583",
"1718468352.825","1011",
"1718468352.827","2267",
"1718468352.828","3280",
"1718468352.829","2480",
"1718468352.83","3062",
"1718468352.831","1245",
"1718468352.832","1824",
"1718468352.833","637",
"1718468352.834","753",
"1718468352.835","1255",
"1718468352.836","803",
"1718468352.837","2532",
"1718468352.838","1938",
"1718468352.839","3275",
"1718468352.84","3095",
"1718468352.841","2796",
"1718468352.842","3240",
"1718468352.843","1558",
"1718468352.844","678",
"1718468352.845","922",
"1718468352.846","1023",
"1718468352.847","660",
"1718468352.848","2255",
"1718468352.849","1593",
"1718468352.85","3203",
"1718468352.851","2865",
"1718468352.852","3008",
"1718468352.853","3362",
"1718468352.854","1863",
"1718468352.855","2500",
"1718468352.856","779",
"1718468352.857","822",
"1718468352.864","592",
"1718468352.865","2162",
"1718468352.866","2812",
"1718468352.867","955",
"1718468352.868","1520",
"1718468352.869","681",
"1718468352.87","1615",
"1718468352.871","971",
"1718468352.874","2869",
"1718468352.875","3248",
"1718468352.876","2509",
"1718468352.879","1166",
"1718468352.88","609",
"1718468352.881","809",
"1718468352.882","1279",
"1718468352.883","798",
"1718468352.884","1904",
"1718468352.885","3344",
"1718468352.886","3058",
"1718468352.887","2816",
"1718468352.888","3190",
"1718468352.889","1524",
"1718468352.89","2145",
"1718468352.891","637",
"1718468352.892","947",
"1718468352.893","981",
"1718468352.894","685",
"1718468352.895","2226",
"1718468352.896","1633",
"1718468352.897","2877",
"1718468352.898","3011",
"1718468352.899","3355",
"1718468352.9","1857",
"1718468352.901","2496",
"1718468352.902","810",
"1718468352.903","1193",
"1718468352.904","839",
"1718468352.905","601",
"1718468352.906","1967",
"1718468352.907","1245",
"1718468352.908","3102",
"1718468352.909","2549",
"1718468352.91","3218",
"1718468352.911","3286",
"1718468352.912","2771",
"1718468352.913","942",
"1718468352.914","1530",
"1718468352.915","658",
"1718468352.916","655",
"1718468352.917","1573",
"1718468352.918","1019",
"1718468352.919","2831",
"1718468352.92","2289",
"1718468352.921","3298",
"1718468352.922","3267",
"1718468352.923","2484",
"1718468352.924","3052",
"1718468352.925","1216",
"1718468352.926","609",
"1718468352.927","795",
"1718468352.928","1273",
"1718468352.929","829",
"1718468352.93","2577",
"1718468352.931","1923",
"1718468352.932","3349",
"1718468352.933","3057",
"1718468352.934","2819",
"1718468352.935","3200",
"1718468352.936","1533",
"1718468352.937","2176",
"1718468352.938","656",
"1718468352.939","1015",
"1718468352.94","639",
"1718468352.941","2285",
"1718468352.942","1563",
"1718468352.943","3265",
"1718468352.944","2832",
"1718468352.945","3056",
"1718468352.946","3289",
"1718468352.947","1882",
"1718468352.948","2467",
"1718468352.949","793",
"1718468352.95","1172",
"1718468352.951","827",
"1718468352.952","1930",
"1718468352.953","1255",
"1718468352.954","3118",
"1718468352.955","2539",
"1718468352.956","3236",
"1718468352.957","3280",
"1718468352.958","2196",
"1718468352.959","2765",
"1718468352.96","981",
"1718468352.961","1484",
"1718468352.962","1605",
"1718468352.963","994",
"1718468352.964","2878",
"1718468352.965","2229",
"1718468352.966","3322",
"1718468352.967","3198",
"1718468352.968","2506",
"1718468352.969","3008",
"1718468352.97","1820",
"1718468352.971","643",
"1718468352.972","752",
"1718468352.973","1311",
"1718468352.974","789",
"1718468352.975","2594",
"1718468352.976","1871",
"1718468352.977","3357",
"1718468352.978","3031",
"1718468352.979","2824",
"1718468352.98","3179",
"1718468352.981","1546",
"1718468352.982","2146",
"1718468352.983","921",
"1718468352.984","1019",
"1718468352.985","630",
"1718468352.986","2299",
"1718468352.987","1551",
"1718468352.988","3275",
"1718468352.989","2800",
"1718468352.99","3062",
"1718468352.991","3286",
"1718468352.992","1860",
"1718468352.993","2466",
"1718468352.994","784",
"1718468352.995","1176",
"1718468352.996","611",
"1718468352.997","1925",
"1718468352.998","1267",
"1718468352.999","3088",
"1718468353","2547",
"1718468353.001","3205",
"1718468353.002","3313",
"1718468353.003","2166",
"1718468353.004","2800",
"1718468353.005","930",
"1718468353.006","1521",
"1718468353.007","656",
"1718468353.008","661",
"1718468353.009","1579",
"1718468353.01","1038",
"1718468353.011","2263",
"1718468353.012","3286",
"1718468353.013","3285",
"1718468353.014","2482",
"1718468353.015","3031",
"1718468353.016","1197",
"1718468353.017","1851",
"1718468353.018","612",
"1718468353.019","771",
"1718468353.02","1271",
"1718468353.021","803",
"1718468353.022","2595",
"1718468353.023","1904",
"1718468353.024","3343",
"1718468353.025","3039",
"1718468353.026","3168",
"1718468353.027","1546",
"1718468353.028","2148",
"1718468353.029","688",
"1718468353.03","928",
"1718468353.031","1008",
"1718468353.032","659",
"1718468353.033","2239",
"1718468353.034","1601",
"1718468353.035","3219",
"1718468353.036","2875",
"1718468353.037","2986",
"1718468353.038","3335",
"1718468353.039","1808",
"1718468353.04","752",
"1718468353.041","1238",
"1718468353.042","819",
"1718468353.043","629",
"1718468353.044","1937",
"1718468353.045","1261",
"1718468353.046","3101",
"1718468353.047","2535",
"1718468353.048","3246",
"1718468353.049","3293",
"1718468353.05","2198",
"1718468353.051","2752",
"1718468353.052","946",
"1718468353.053","656",
"1718468353.054","655",
"1718468353.055","1565",
"1718468353.056","1023",
"1718468353.057","2827",
"1718468353.058","2287",
"1718468353.059","3296",
"1718468353.06","3258",
"1718468353.061","2502",
"1718468353.062","3045",
"1718468353.063","1497",
"1718468353.064","2116",
"1718468353.065","658",
"1718468353.066","912",
"1718468353.067","667",
"1718468353.068","2291",
"1718468353.069","1651",
"1718468353.07","3263",
"1718468353.071","2915",
"1718468353.072","3043",
"1718468353.073","3271",
"1718468353.074","1836",
"1718468353.075","2402",
"1718468353.076","751",
"1718468353.077","1152",
"1718468353.078","799",
"1718468353.079","646",
"1718468353.08","1983",
"1718468353.081","3141",
"1718468353.082","2593",
"1718468353.083","3182",
"1718468353.084","3313",
"1718468353.085","2112",
"1718468353.086","2752",
"1718468353.087","882",
"1718468353.088","1472",
"1718468353.089","687",
"1718468353.09","670",
"1718468353.091","1671",
"1718468353.092","1043",
"1718468353.093","2919",
"1718468353.094","2271",
"1718468353.095","3329",
"1718468353.096","3223",
"1718468353.097","2964",
"1718468353.098","1152",
"1718468353.099","1809",
"1718468353.1","603",
"1718468353.101","779",
"1718468353.102","1331",
"1718468353.103","843",
"1718468353.104","2643",
"1718468353.105","1955",
"1718468353.106","3324",
"1718468353.107","3070",
"1718468353.108","2736",
"1718468353.109","3196",
"1718468353.11","1418",
"1718468353.111","626",
"1718468353.112","947",
"1718468353.113","1051",
"1718468353.114","681",
"1718468353.115","2331",
"1718468353.116","1618",
"1718468353.117","3291",
"1718468353.118","2845",
"1718468353.119","2998",
"1718468353.12","3280",
"1718468353.121","1776",
"1718468353.122","2464",
"1718468353.123","717",
"1718468353.124","847",
"1718468353.125","617",
"1718468353.126","1989",
"1718468353.127","1279",
"1718468353.128","3068",
"1718468353.129","2619",
"1718468353.13","3235",
"1718468353.131","3346",
"1718468353.132","2138",
"1718468353.133","2714",
"1718468353.134","896",
"1718468353.135","1473",
"1718468353.136","688",
"1718468353.137","1655",
"1718468353.138","1039",
"1718468353.139","2862",
"1718468353.14","2299",
"1718468353.141","3299",
"1718468353.142","3295",
"1718468353.143","2475",
"1718468353.144","2960",
"1718468353.145","1200",
"1718468353.146","1770",
"1718468353.147","613",
"1718468353.148","751",
"1718468353.149","1327",
"1718468353.15","861",
"1718468353.151","2623",
"1718468353.152","3317",
"1718468353.153","3102",
"1718468353.154","2712",
"1718468353.155","3218",
"1718468353.156","1441",
"1718468353.157","2154",
"1718468353.158","662",
"1718468353.159","933",
"1718468353.16","1069",
"1718468353.161","667",
"1718468353.162","2295",
"1718468353.163","1619",
"1718468353.164","3248",
"1718468353.165","2882",
"1718468353.166","2984",
"1718468353.167","3335",
"1718468353.168","2477",
"1718468353.169","759",
"1718468353.17","1169",
"1718468353.171","826",
"1718468353.172","597",
"1718468353.173","1949",
"1718468353.174","1339",
"1718468353.175","3126",
"1718468353.176","2631",
"1718468353.177","3230",
"1718468353.178","3312",
"1718468353.179","2112",
"1718468353.18","2741",
"1718468353.181","925",
"1718468353.182","709",
"1718468353.183","611",
"1718468353.184","1630",
"1718468353.185","1039",
"1718468353.186","2862",
"1718468353.187","2319",
"1718468353.188","3331",
"1718468353.189","3255",
"1718468353.19","2437",
"1718468353.191","2966",
"1718468353.192","1110",
"1718468353.193","1820",
"1718468353.194","628",
"1718468353.211","994",
"1718468353.212","2960",
"1718468353.213","3314",
"1718468353.214","1744",
"1718468353.215","2492",
"1718468353.216","721",
"1718468353.217","1200",
"1718468353.218","850",
"1718468353.219","621",
"1718468353.22","1975",
"1718468353.221","3063",
"1718468353.222","2627",
"1718468353.223","3154",
"1718468353.224","3376",
"1718468353.225","2131",
"1718468353.226","2758",
"1718468353.227","931",
"1718468353.228","1449",
"1718468353.229","669",
"1718468353.23","642",
"1718468353.231","1615",
"1718468353.232","1070",
"1718468353.233","2894",
"1718468353.234","2335",
"1718468353.235","3328",
"1718468353.236","3238",
"1718468353.237","2998",
"1718468353.238","1136",
"1718468353.239","1812",
"1718468353.24","641",
"1718468353.241","761",
"1718468353.242","1328",
"1718468353.243","795",
"1718468353.244","2575",
"1718468353.245","2007",
"1718468353.246","3343",
"1718468353.247","3117",
"1718468353.248","1434",
"1718468353.249","2176",
"1718468353.25","944",
"1718468353.251","1062",
"1718468353.252","683",
"1718468353.253","2320",
"1718468353.254","1611",
"1718468353.255","3234",
"1718468353.256","2891",
"1718468353.257","2973",
"1718468353.258","3344",
"1718468353.259","1784",
"1718468353.26","2466",
"1718468353.261","759",
"1718468353.262","1169",
"1718468353.263","593",
"1718468353.264","1939",
"1718468353.265","1315",
"1718468353.266","3090",
"1718468353.267","2643",
"1718468353.268","3200",
"1718468353.269","3312",
"1718468353.27","2138",
"1718468353.271","2721",
"1718468353.272","893",
"1718468353.273","1460",
"1718468353.274","661",
"1718468353.275","667",
"1718468353.276","1678",
"1718468353.277","2866",
"1718468353.278","2294",
"1718468353.279","3278",
"1718468353.28","3283",
"1718468353.281","2448",
"1718468353.282","3005",
"1718468353.283","1214",
"1718468353.284","1776",
"1718468353.285","619",
"1718468353.286","720",
"1718468353.287","1301",
"1718468353.288","863",
"1718468353.289","2606",
"1718468353.29","1997",
"1718468353.291","3330",
"1718468353.292","3098",
"1718468353.293","3178",
"1718468353.294","1477",
"1718468353.295","2100",
"1718468353.296","626",
"1718468353.297","934",
"1718468353.298","1015",
"1718468353.299","715",
"1718468353.3","2303",
"1718468353.301","1659",
"1718468353.302","3289",
"1718468353.303","2883",
"1718468353.304","2992",
"1718468353.305","3271",
"1718468353.306","1762",
"1718468353.307","715",
"1718468353.308","1184",
"1718468353.309","798",
"1718468353.31","670",
"1718468353.311","1955",
"1718468353.312","1329",
"1718468353.313","3106",
"1718468353.314","2619",
"1718468353.315","3245",
"1718468353.316","3312",
"1718468353.317","2149",
"1718468353.318","2704",
"1718468353.319","933",
"1718468353.32","656",
"1718468353.321","654",
"1718468353.322","1613",
"1718468353.323","1087",
"1718468353.324","2909",
"1718468353.325","2315",
"1718468353.326","3328",
"1718468353.327","3242",
"1718468353.328","2489",
"1718468353.329","2960",
"1718468353.33","1200",
"1718468353.331","1771",
"1718468353.332","653",
"1718468353.333","709",
"1718468353.334","818",
"1718468353.335","2585",
"1718468353.336","1983",
"1718468353.337","3297",
"1718468353.338","3136",
"1718468353.339","2734",
"1718468353.34","3221",
"1718468353.341","1449",
"1718468353.342","2151",
"1718468353.343","641",
"1718468353.344","934",
"1718468353.345","1087",
"1718468353.346","656",
"1718468353.347","2321",
"1718468353.348","1615",
"1718468353.349","2855",
"1718468353.35","3019",
"1718468353.351","3266",
"1718468353.352","1817",
"1718468353.353","2432",
"1718468353.354","747",
"1718468353.355","1156",
"1718468353.356","819",
"1718468353.357","640",
"1718468353.358","1937",
"1718468353.359","1357",
"1718468353.36","3069",
"1718468353.361","2626",
"1718468353.362","3168",
"1718468353.363","3364",
"1718468353.364","2758",
"1718468353.365","926",
"1718468353.366","1470",
"1718468353.367","691",
"1718468353.368","624",
"1718468353.369","1659",
"1718468353.37","1017",
"1718468353.371","2913",
"1718468353.372","2289",
"1718468353.373","3341",
"1718468353.374","3231",
"1718468353.375","2464",
"1718468353.376","2968",
"1718468353.377","1198",
"1718468353.378","656",
"1718468353.379","711",
"1718468353.38","1355",
"1718468353.381","811",
"1718468353.382","2641",
"1718468353.383","1941",
"1718468353.384","3361",
"1718468353.385","3083",
"1718468353.386","2766",
"1718468353.387","3174",
"1718468353.388","1460",
"1718468353.389","2121",
"1718468353.39","642",
"1718468353.391","1047",
"1718468353.392","686",
"1718468353.393","2335",
"1718468353.394","1621",
"1718468353.395","3309",
"1718468353.396","2839",
"1718468353.397","3018",
"1718468353.398","3264",
"1718468353.399","1778",
"1718468353.4","2436",
"1718468353.401","739",
"1718468353.402","1181",
"1718468353.403","791",
"1718468353.404","1937",
"1718468353.405","1343",
"1718468353.406","3063",
"1718468353.407","2640",
"1718468353.408","3198",
"1718468353.409","3353",
"1718468353.41","2160",
"1718468353.411","2716",
"1718468353.412","950",
"1718468353.413","1428",
"1718468353.414","659",
"1718468353.415","641",
"1718468353.416","1619",
"1718468353.417","1079",
"1718468353.418","2887",
"1718468353.419","3344",
"1718468353.42","3229",
"1718468353.421","2477",
"1718468353.422","2960",
"1718468353.423","1190",
"1718468353.424","1776",
"1718468353.425","640",
"1718468353.426","732",
"1718468353.427","1323",
"1718468353.428","811",
"1718468353.429","2623",
"1718468353.43","1959",
"1718468353.431","3344",
"1718468353.432","3097",
"1718468353.433","2784",
"1718468353.434","3161",
"1718468353.435","2096",
"1718468353.436","667",
"1718468353.437","886",
"1718468353.438","1063",
"1718468353.439","651",
"1718468353.44","2323",
"1718468353.441","1639",
"1718468353.442","3259",
"1718468353.443","2874",
"1718468353.444","2969",
"1718468353.445","3297",
"1718468353.446","1772",
"1718468353.447","762",
"1718468353.448","1152",
"1718468353.449","822",
"1718468353.45","582",
"1718468353.451","1941",
"1718468353.452","1342",
"1718468353.453","3120",
"1718468353.454","2623",
"1718468353.455","3217",
"1718468353.456","3286",
"1718468353.457","2116",
"1718468353.458","2736",
"1718468353.459","909",
"1718468353.46","1488",
"1718468353.461","637",
"1718468353.462","1679",
"1718468353.464","998",
"1718468353.467","2251",
"1718468353.475","3025",
"1718468353.476","2635",
"1718468353.477","3354",
"1718468353.478","3069",
"1718468353.479","2714",
"1718468353.48","3196",
"1718468353.481","1452",
"1718468353.482","2160",
"1718468353.483","669",
"1718468353.484","910",
"1718468353.485","2295",
"1718468353.486","1621",
"1718468353.488","3227",
"1718468353.489","2903",
"1718468353.492","2962",
"1718468353.494","3328",
"1718468353.495","703",
"1718468353.496","656",
"1718468353.497","1314",
"1718468353.498","3124",
"1718468353.499","2591",
"1718468353.5","3156",
"1718468353.501","3331",
"1718468353.502","2149",
"1718468353.503","2762",
"1718468353.504","1436",
"1718468353.505","701",
"1718468353.506","660",
"1718468353.507","1619",
"1718468353.508","1023",
"1718468353.509","2863",
"1718468353.51","2334",
"1718468353.511","3338",
"1718468353.512","3254",
"1718468353.513","2452",
"1718468353.514","2962",
"1718468353.515","1129",
"1718468353.516","1828",
"1718468353.517","620",
"1718468353.518","1354",
"1718468353.519","799",
"1718468353.52","2639",
"1718468353.521","1943",
"1718468353.522","3280",
"1718468353.523","3091",
"1718468353.524","2756",
"1718468353.525","3215",
"1718468353.526","1472",
"1718468353.527","2098",
"1718468353.528","614",
"1718468353.529","961",
"1718468353.53","1088",
"1718468353.531","2315",
"1718468353.532","1615",
"1718468353.533","3233",
"1718468353.534","2907",
"1718468353.535","3029",
"1718468353.536","3312",
"1718468353.537","1814",
"1718468353.538","2432",
"1718468353.539","723",
"1718468353.54","1168",
"1718468353.541","816",
"1718468353.542","656",
"1718468353.543","1995",
"1718468353.544","1303",
"1718468353.545","3091",
"1718468353.546","2603",
"1718468353.547","3357",
"1718468353.548","2170",
"1718468353.549","2737",
"1718468353.55","928",
"1718468353.551","1425",
"1718468353.552","657",
"1718468353.553","667",
"1718468353.554","1675",
"1718468353.555","1053",
"1718468353.556","2897",
"1718468353.557","2261",
"1718468353.558","3270",
"1718468353.559","3267",
"1718468353.56","2438",
"1718468353.561","3012",
"1718468353.562","1794",
"1718468353.563","606",
"1718468353.564","723",
"1718468353.565","1299",
"1718468353.566","855",
"1718468353.567","2619",
"1718468353.568","1983",
"1718468353.569","3348",
"1718468353.57","3063",
"1718468353.571","2736",
"1718468353.572","3190",
"1718468353.573","1480",
"1718468353.574","2166",
"1718468353.575","907",
"1718468353.576","1044",
"1718468353.577","720",
"1718468353.578","2320",
"1718468353.579","1603",
"1718468353.58","3228",
"1718468353.581","2921",
"1718468353.582","3020",
"1718468353.583","3283",
"1718468353.584","1769",
"1718468353.585","2470",
"1718468353.586","767",
"1718468353.587","1166",
"1718468353.588","607",
"1718468353.589","1991",
"1718468353.59","1311",
"1718468353.591","3098",
"1718468353.592","2607",
"1718468353.593","3154",
"1718468353.594","3381",
"1718468353.595","2130",
"1718468353.596","2784",
"1718468353.597","946",
"1718468353.598","1458",
"1718468353.599","703",
"1718468353.6","628",
"1718468353.601","1611",
"1718468353.602","2835",
"1718468353.603","2335",
"1718468353.604","3302",
"1718468353.605","3265",
"1718468353.606","2466",
"1718468353.607","2962",
"1718468353.608","1170",
"1718468353.609","1776",
"1718468353.61","585",
"1718468353.611","775",
"1718468353.612","1365",
"1718468353.613","846",
"1718468353.614","2579",
"1718468353.615","1987",
"1718468353.616","3338",
"1718468353.617","2764",
"1718468353.618","3151",
"1718468353.619","1440",
"1718468353.62","2158",
"1718468353.621","655",
"1718468353.622","964",
"1718468353.623","1075",
"1718468353.624","661",
"1718468353.625","2271",
"1718468353.626","1634",
"1718468353.627","3241",
"1718468353.628","2923",
"1718468353.629","3008",
"1718468353.63","3309",
"1718468353.631","1834",
"1718468353.632","718",
"1718468353.633","1180",
"1718468353.634","791",
"1718468353.635","646",
"1718468353.636","1958",
"1718468353.637","1342",
"1718468353.638","3120",
"1718468353.639","2599",
"1718468353.64","3206",
"1718468353.641","3292",
"1718468353.642","2118",
"1718468353.643","2750",
"1718468353.644","889",
"1718468353.645","703",
"1718468353.646","643",
"1718468353.647","1674",
"1718468353.648","1022",
"1718468353.649","2875",
"1718468353.65","2282",
"1718468353.651","3254",
"1718468353.652","3294",
"1718468353.653","2478",
"1718468353.654","2982",
"1718468353.655","1180",
"1718468353.656","1755",
"1718468353.657","613",
"1718468353.658","743",
"1718468353.659","841",
"1718468353.66","2603",
"1718468353.661","1975",
"1718468353.662","3344",
"1718468353.663","3065",
"1718468353.664","2704",
"1718468353.665","3194",
"1718468353.666","1454",
"1718468353.667","2164",
"1718468353.668","656",
"1718468353.669","915",
"1718468353.67","1079",
"1718468353.671","652",
"1718468353.672","2290",
"1718468353.673","1631",
"1718468353.674","2906",
"1718468353.675","2989",
"1718468353.676","3328",
"1718468353.677","1808",
"1718468353.678","2449",
"1718468353.679","768",
"1718468353.68","1145",
"1718468353.681","803",
"1718468353.682","608",
"1718468353.683","1923",
"1718468353.684","1345",
"1718468353.685","3088",
"1718468353.686","2621",
"1718468353.687","3214",
"1718468353.688","3312",
"1718468353.689","2710",
"1718468353.69","897",
"1718468353.691","1461",
"1718468353.692","656",
"1718468353.693","656",
"1718468353.694","1651",
"1718468353.695","1043",
"1718468353.696","2906",
"1718468353.697","2263",
"1718468353.698","3342",
"1718468353.699","3232",
"1718468353.7","2445",
"1718468353.701","2993",
"1718468353.702","1130",
"1718468353.703","589",
"1718468353.704","761",
"1718468353.705","1287",
"1718468353.706","843",
"1718468353.707","2591",
"1718468353.708","1983",
"1718468353.709","3308",
"1718468353.71","3127",
"1718468353.711","2720",
"1718468353.728","1828",
"1718468353.729","3150",
"1718468353.73","2594",
"1718468353.731","3247",
"1718468353.732","3312",
"1718468353.733","2162",
"1718468353.734","2716",
"1718468353.735","954",
"1718468353.736","1424",
"1718468353.737","682",
"1718468353.738","617",
"1718468353.739","1627",
"1718468353.74","1047",
"1718468353.741","2875",
"1718468353.742","2339",
"1718468353.743","3269",
"1718468353.744","3291",
"1718468353.745","3010",
"1718468353.746","1158",
"1718468353.747","1812",
"1718468353.748","612",
"1718468353.749","771",
"1718468353.75","1299",
"1718468353.751","848",
"1718468353.752","2595",
"1718468353.753","1982",
"1718468353.754","3314",
"1718468353.755","3118",
"1718468353.756","2758",
"1718468353.757","3184",
"1718468353.758","1515",
"1718468353.759","662",
"1718468353.76","884",
"1718468353.761","1078",
"1718468353.762","667",
"1718468353.763","2323",
"1718468353.764","1615",
"1718468353.765","3298",
"1718468353.766","2859",
"1718468353.767","3004",
"1718468353.768","3282",
"1718468353.769","1792",
"1718468353.77","2464",
"1718468353.771","720",
"1718468353.772","799",
"1718468353.773","657",
"1718468353.774","1947",
"1718468353.775","1351",
"1718468353.776","3094",
"1718468353.777","2631",
"1718468353.778","3160",
"1718468353.779","3363",
"1718468353.78","2112",
"1718468353.781","2790",
"1718468353.782","902",
"1718468353.783","1498",
"1718468353.784","675",
"1718468353.785","1631",
"1718468353.786","1072",
"1718468353.787","2864",
"1718468353.788","2327",
"1718468353.789","3292",
"1718468353.79","3280",
"1718468353.791","2436",
"1718468353.792","3008",
"1718468353.793","1168",
"1718468353.794","1795",
"1718468353.795","641",
"1718468353.796","766",
"1718468353.797","1351",
"1718468353.798","822",
"1718468353.799","2655",
"1718468353.8","1943",
"1718468353.801","3088",
"1718468353.802","2784",
"1718468353.803","3168",
"1718468353.804","1483",
"1718468353.805","2116",
"1718468353.806","688",
"1718468353.807","886",
"1718468353.808","1087",
"1718468353.809","659",
"1718468353.81","2330",
"1718468353.811","1595",
"1718468353.812","3290",
"1718468353.813","2837",
"1718468353.814","3022",
"1718468353.815","3273",
"1718468353.816","2432",
"1718468353.817","797",
"1718468353.818","1150",
"1718468353.819","867",
"1718468353.82","598",
"1718468353.821","1977",
"1718468353.822","1303",
"1718468353.823","3083",
"1718468353.824","2606",
"1718468353.825","3164",
"1718468353.826","3344",
"1718468353.827","2100",
"1718468353.828","2765",
"1718468353.829","1485",
"1718468353.83","656",
"1718468353.831","661",
"1718468353.832","1615",
"1718468353.833","1075",
"1718468353.834","2887",
"1718468353.835","2311",
"1718468353.836","3312",
"1718468353.837","3275",
"1718468353.838","2428",
"1718468353.839","3008",
"1718468353.84","1172",
"1718468353.841","1824",
"1718468353.842","624",
"1718468353.843","1335",
"1718468353.844","810",
"1718468353.845","2624",
"1718468353.846","1927",
"1718468353.847","3332",
"1718468353.848","3061",
"1718468353.849","2786",
"1718468353.85","3157",
"1718468353.851","1470",
"1718468353.852","2077",
"1718468353.853","656",
"1718468353.854","901",
"1718468353.855","1039",
"1718468353.856","2286",
"1718468353.857","1649",
"1718468353.858","3214",
"1718468353.859","2903",
"1718468353.86","2976",
"1718468353.861","3306",
"1718468353.862","1790",
"1718468353.863","2448",
"1718468353.864","738",
"1718468353.865","1160",
"1718468353.866","820",
"1718468353.867","615",
"1718468353.868","1965",
"1718468353.869","1326",
"1718468353.87","3120",
"1718468353.871","3207",
"1718468353.872","3312",
"1718468353.873","2160",
"1718468353.874","2731",
"1718468353.875","939",
"1718468353.876","1445",
"1718468353.877","706",
"1718468353.878","613",
"1718468353.879","1659",
"1718468353.88","1007",
"1718468353.881","2899",
"1718468353.882","2279",
"1718468353.883","3295",
"1718468353.884","3248",
"1718468353.885","2432",
"1718468353.886","2993",
"1718468353.887","1800",
"1718468353.888","635",
"1718468353.889","741",
"1718468353.89","1303",
"1718468353.891","822",
"1718468353.892","2577",
"1718468353.893","1995",
"1718468353.894","3289",
"1718468353.895","3120",
"1718468353.896","2720",
"1718468353.897","3222",
"1718468353.898","1450",
"1718468353.899","2164",
"1718468353.9","944",
"1718468353.901","1019",
"1718468353.902","689",
"1718468353.903","2321",
"1718468353.904","1617",
"1718468353.905","3303",
"1718468353.906","2861",
"1718468353.907","3042",
"1718468353.908","3298",
"1718468353.909","1806",
"1718468353.91","2432",
"1718468353.911","735",
"1718468353.912","1162",
"1718468353.913","626",
"1718468353.914","1947",
"1718468353.915","1354",
"1718468353.916","3088",
"1718468353.917","2646",
"1718468353.918","3154",
"1718468353.919","3357",
"1718468353.92","2140",
"1718468353.921","2768",
"1718468353.922","955",
"1718468353.923","1458",
"1718468353.924","709",
"1718468353.925","621",
"1718468353.926","1649",
"1718468353.927","2877",
"1718468353.928","2306",
"1718468353.929","3261",
"1718468353.93","3297",
"1718468353.931","2450",
"1718468353.932","3028",
"1718468353.933","1153",
"1718468353.934","1784",
"1718468353.935","629",
"1718468353.936","728",
"1718468353.937","1339",
"1718468353.938","799",
"1718468353.939","2647",
"1718468353.94","1943",
"1718468353.941","3360",
"1718468353.942","3087",
"1718468353.943","2753",
"1718468353.944","1484",
"1718468353.945","2112",
"1718468353.946","651",
"1718468353.947","893",
"1718468353.948","1072",
"1718468353.949","667",
"1718468353.95","2303",
"1718468353.951","1645",
"1718468353.952","3255",
"1718468353.953","2894",
"1718468353.954","2980",
"1718468353.955","3303",
"1718468353.956","1801",
"1718468353.957","740",
"1718468353.958","1154",
"1718468353.959","1946",
"1718468353.96","1355",
"1718468353.961","3085",
"1718468353.962","2631",
"1718468353.963","3168",
"1718468353.964","3347",
"1718468353.965","2152",
"1718468353.966","2752",
"1718468353.967","944",
"1718468353.968","1450",
"1718468353.969","699",
"1718468353.97","613",
"1718468353.971","1049",
"1718468353.972","2857",
"1718468353.973","2333",
"1718468353.974","3280",
"1718468353.975","3295",
"1718468353.976","2437",
"1718468353.977","3008",
"1718468353.978","1172",
"1718468353.979","1780",
"1718468353.98","639",
"1718468353.981","720",
"1718468353.982","1358",
"1718468353.983","806",
"1718468353.984","2624",
"1718468353.985","1943",
"1718468353.986","3089",
"1718468353.987","2729",
"1718468353.988","3200",
"1718468353.989","1437",
"1718468353.99","2176",
"1718468353.991","624",
"1718468353.992","962",
"1718468353.993","1015",
"1718468353.994","720",
"1718468353.995","2295",
"1718468353.996","1647",
"1718468353.997","3261",
"1718468353.998","2863",
"1718468353.999","2964",
"1718468354","3304",
"1718468354.001","1754",
"1718468354.002","717",
"1718468354.003","1206",
"1718468354.004","815",
"1718468354.005","649",
"1718468354.006","1979",
"1718468354.007","1303",
"1718468354.008","3136",
"1718468354.009","2583",
"1718468354.01","3169",
"1718468354.011","3329",
"1718468354.012","2108",
"1718468354.013","2747",
"1718468354.014","880",
"1718468354.015","646",
"1718468354.016","673",
"1718468354.017","1623",
"1718468354.018","1058",
"1718468354.019","2640",
"1718468354.02","2023",
"1718468354.021","3347",
"1718468354.022","3101",
"1718468354.023","2698",
"1718468354.024","3181",
"1718468354.025","1424",
"1718468354.026","2081",
"1718468354.027","621",
"1718468354.028","922",
"1718468354.029","697",
"1718468354.03","2363",
"1718468354.031","1679",
"1718468354.032","3243",
"1718468354.033","2939",
"1718468354.034","2968",
"1718468354.035","3297",
"1718468354.036","1754",
"1718468354.037","2365",
"1718468354.038","699",
"1718468354.039","1136",
"1718468354.04","816",
"1718468354.041","658",
"1718468354.042","1383",
"1718468354.043","3107",
"1718468354.044","2667",
"1718468354.045","3129",
"1718468354.046","3361",
"1718468354.047","2096",
"1718468354.048","2725",
"1718468354.049","905",
"1718468354.05","1411",
"1718468354.051","687",
"1718468354.052","640",
"1718468354.053","1658",
"1718468354.054","1119",
"1718468354.055","2917",
"1718468354.056","2371",
"1718468354.057","3319",
"1718468354.058","2416",
"1718468354.059","2944",
"1718468354.06","1112",
"1718468354.061","1770",
"1718468354.062","670",
"1718468354.063","722",
"1718468354.064","1332",
"1718468354.065","839",
"1718468354.066","2699",
"1718468354.072","3120",
"1718468354.073","624",
"1718468354.074","904",
"1718468354.075","1089",
"1718468354.076","727",
"1718468354.077","2363",
"1718468354.078","1651",
"1718468354.079","3270",
"1718468354.08","2935",
"1718468354.081","2940",
"1718468354.082","3331",
"1718468354.083","1696",
"1718468354.084","2432",
"1718468354.085","720",
"1718468354.086","887",
"1718468354.087","624",
"1718468354.088","2067",
"1718468354.089","1331",
"1718468354.091","2625",
"1718468354.092","3182",
"1718468354.093","3311",
"1718468354.094","2064",
"1718468354.095","2715",
"1718468354.096","864",
"1718468354.097","1440",
"1718468354.098","659",
"1718468354.099","1651",
"1718468354.1","1095",
"1718468354.101","2901",
"1718468354.102","2359",
"1718468354.103","3250",
"1718468354.104","3291",
"1718468354.105","2368",
"1718468354.107","2992",
"1718468354.108","1770",
"1718468354.109","607",
"1718468354.11","746",
"1718468354.111","1379",
"1718468354.112","863",
"1718468354.113","2650",
"1718468354.114","3323",
"1718468354.115","3127",
"1718468354.116","2700",
"1718468354.117","3190",
"1718468354.118","1419",
"1718468354.119","2078",
"1718468354.12","624",
"1718468354.121","885",
"1718468354.122","1109",
"1718468354.123","689",
"1718468354.124","2363",
"1718468354.125","1658",
"1718468354.126","3261",
"1718468354.127","2929",
"1718468354.128","2992",
"1718468354.129","1776",
"1718468354.13","2376",
"1718468354.131","720",
"1718468354.132","1104",
"1718468354.133","833",
"1718468354.134","631",
"1718468354.135","2032",
"1718468354.136","1329",
"1718468354.137","3133",
"1718468354.138","2658",
"1718468354.139","3137",
"1718468354.14","3298",
"1718468354.141","2101",
"1718468354.142","2726",
"1718468354.143","1392",
"1718468354.144","719",
"1718468354.145","596",
"1718468354.146","1669",
"1718468354.147","1075",
"1718468354.148","2875",
"1718468354.149","2379",
"1718468354.15","3315",
"1718468354.151","3285",
"1718468354.152","2416",
"1718468354.153","2933",
"1718468354.154","1099",
"1718468354.155","1757",
"1718468354.156","703",
"1718468354.157","1347",
"1718468354.158","836",
"1718468354.159","2639",
"1718468354.16","2042",
"1718468354.161","3357",
"1718468354.162","3120",
"1718468354.163","2746",
"1718468354.164","3152",
"1718468354.165","1446",
"1718468354.166","2035",
"1718468354.167","626",
"1718468354.168","865",
"1718468354.169","720",
"1718468354.17","2350",
"1718468354.171","1713",
"1718468354.172","3298",
"1718468354.173","2895",
"1718468354.174","2956",
"1718468354.175","3314",
"1718468354.176","1698",
"1718468354.177","2432",
"1718468354.178","735",
"1718468354.179","1118",
"1718468354.18","895",
"1718468354.181","607",
"1718468354.182","2032",
"1718468354.183","1331",
"1718468354.184","3116",
"1718468354.185","3136",
"1718468354.186","3358",
"1718468354.187","2113",
"1718468354.188","2689",
"1718468354.189","914",
"1718468354.19","1401",
"1718468354.191","695",
"1718468354.192","613",
"1718468354.193","1687",
"1718468354.194","1082",
"1718468354.195","2925",
"1718468354.196","2335",
"1718468354.197","3346",
"1718468354.198","3245",
"1718468354.199","2938",
"1718468354.201","1760",
"1718468354.202","657",
"1718468354.203","681",
"1718468354.204","1392",
"1718468354.205","833",
"1718468354.206","2683",
"1718468354.207","2007",
"1718468354.208","3325",
"1718468354.209","3126",
"1718468354.21","2733",
"1718468354.211","3153",
"1718468354.212","1456",
"1718468354.213","2074",
"1718468354.214","880",
"1718468354.215","1063",
"1718468354.216","720",
"1718468354.217","2327",
"1718468354.218","1711",
"1718468354.219","3237",
"1718468354.22","2943",
"1718468354.221","2928",
"1718468354.222","3314",
"1718468354.223","1712",
"1718468354.224","2426",
"1718468354.225","717",
"1718468354.226","1139",
"1718468354.227","602",
"1718468354.228","2064",
"1718468354.246","1108",
"1718468354.247","651",
"1718468354.248","700",
"1718468354.249","1339",
"1718468354.25","855",
"1718468354.251","2673",
"1718468354.252","2043",
"1718468354.253","3344",
"1718468354.254","3099",
"1718468354.255","2682",
"1718468354.256","1437",
"1718468354.257","2097",
"1718468354.258","640",
"1718468354.259","866",
"1718468354.26","1047",
"1718468354.261","703",
"1718468354.262","2354",
"1718468354.263","1702",
"1718468354.264","3312",
"1718468354.265","2890",
"1718468354.266","2976",
"1718468354.267","3290",
"1718468354.268","1761",
"1718468354.269","741",
"1718468354.27","1104",
"1718468354.271","854",
"1718468354.272","577",
"1718468354.273","1995",
"1718468354.274","1383",
"1718468354.275","3161",
"1718468354.276","2670",
"1718468354.277","3155",
"1718468354.278","3309",
"1718468354.279","2092",
"1718468354.28","2701",
"1718468354.281","860",
"1718468354.282","1405",
"1718468354.283","644",
"1718468354.284","1652",
"1718468354.285","1087",
"1718468354.286","2919",
"1718468354.287","2383",
"1718468354.288","3317",
"1718468354.289","3270",
"1718468354.29","2428",
"1718468354.291","2932",
"1718468354.292","1110",
"1718468354.293","1734",
"1718468354.294","599",
"1718468354.295","746",
"1718468354.296","867",
"1718468354.297","2672",
"1718468354.298","2003",
"1718468354.299","3357",
"1718468354.3","3127",
"1718468354.301","2752",
"1718468354.302","3129",
"1718468354.303","1420",
"1718468354.304","2064",
"1718468354.305","612",
"1718468354.306","926",
"1718468354.307","1104",
"1718468354.308","685",
"1718468354.309","2345",
"1718468354.31","1713",
"1718468354.311","3287",
"1718468354.312","2928",
"1718468354.313","3322",
"1718468354.314","1770",
"1718468354.315","2389",
"1718468354.316","758",
"1718468354.317","1099",
"1718468354.318","871",
"1718468354.319","607",
"1718468354.32","1989",
"1718468354.321","1375",
"1718468354.322","3143",
"1718468354.323","2659",
"1718468354.324","3164",
"1718468354.325","3342",
"1718468354.326","2112",
"1718468354.327","896",
"1718468354.328","1462",
"1718468354.329","670",
"1718468354.33","615",
"1718468354.331","1669",
"1718468354.332","1117",
"1718468354.333","2915",
"1718468354.334","2352",
"1718468354.335","3242",
"1718468354.336","3283",
"1718468354.337","2390",
"1718468354.338","2992",
"1718468354.339","1152",
"1718468354.34","624",
"1718468354.341","706",
"1718468354.342","1341",
"1718468354.343","873",
"1718468354.344","2640",
"1718468354.345","2047",
"1718468354.346","3342",
"1718468354.347","3123",
"1718468354.348","2747",
"1718468354.349","3144",
"1718468354.35","1454",
"1718468354.351","2069",
"1718468354.352","645",
"1718468354.353","856",
"1718468354.354","679",
"1718468354.355","2317",
"1718468354.356","1695",
"1718468354.357","3280",
"1718468354.358","2938",
"1718468354.359","2944",
"1718468354.36","3276",
"1718468354.361","1712",
"1718468354.362","2428",
"1718468354.363","691",
"1718468354.364","1165",
"1718468354.365","910",
"1718468354.366","637",
"1718468354.367","1360",
"1718468354.368","3166",
"1718468354.369","2663",
"1718468354.37","3136",
"1718468354.371","3351",
"1718468354.372","2108",
"1718468354.373","2689",
"1718468354.374","876",
"1718468354.375","1440",
"1718468354.376","689",
"1718468354.377","679",
"1718468354.378","1707",
"1718468354.379","1081",
"1718468354.38","2887",
"1718468354.381","2343",
"1718468354.382","3325",
"1718468354.383","2388",
"1718468354.384","2992",
"1718468354.385","1162",
"1718468354.386","1717",
"1718468354.387","591",
"1718468354.388","720",
"1718468354.389","1363",
"1718468354.39","880",
"1718468354.391","2667",
"1718468354.392","1993",
"1718468354.393","3305",
"1718468354.394","3135",
"1718468354.395","2722",
"1718468354.396","3193",
"1718468354.397","1424",
"1718468354.398","605",
"1718468354.399","917",
"1718468354.4","1111",
"1718468354.401","675",
"1718468354.402","2353",
